{
  "sample_size": 246,
  "reliability": {
    "ai_use": 0.8884935563131746,
    "creativity_general": 0.6888852504905238,
    "authorship_core": 0.7375107101830505
  },
  "correlations": {
    "ai_use_creativity": {
      "r": -0.30937718195176206,
      "p": 7.434937790945835e-07
    },
    "ai_use_authorship": {
      "r": 0.43811960921210213,
      "p": 5.842663051904332e-13
    },
    "creativity_authorship": {
      "r": -0.20653603542194793,
      "p": 0.0011216408862383352
    }
  },
  "descriptives": {
    "ai_use": {
      "mean": 2.4642276422764224,
      "sd": 1.0573459327187424
    },
    "creativity": {
      "mean": 3.765582655826559,
      "sd": 0.8355310878770837
    },
    "authorship": {
      "mean": 2.8485772357723578,
      "sd": 1.000860858099463
    }
  },
  "clustering": {
    "n_clustered": 245,
    "cluster_sizes": {
      "0": 70,
      "1": 84,
      "2": 91
    },
    "cluster_means": {
      "AI_USE_SCORE": {
        "0": 2.874285714285714,
        "1": 3.130952380952381,
        "2": 1.531868131868132
      },
      "CREATIVITY_GENERAL": {
        "0": 4.223809523809524,
        "1": 3.0238095238095237,
        "2": 4.087912087912088
      },
      "AUTHORSHIP_SCORE": {
        "0": 3.357142857142857,
        "1": 3.4047619047619047,
        "2": 1.9423076923076923
      },
      "writing_ability_num": {
        "0": 4.3,
        "1": 2.9404761904761907,
        "2": 3.758241758241758
      },
      "artificial_intelligence_instruction_num": {
        "0": 3.1,
        "1": 3.238095238095238,
        "2": 3.197802197802198
      }
    }
  }
}