cluster,N,AI_USE_SCORE,CREATIVITY_GENERAL,AUTHORSHIP_SCORE,writing_ability_num,artificial_intelligence_instruction_num
0,70,2.874285714285714,4.223809523809524,3.357142857142857,4.3,3.1
1,84,3.130952380952381,3.0238095238095237,3.4047619047619047,2.9404761904761907,3.238095238095238
2,91,1.531868131868132,4.087912087912088,1.9423076923076923,3.758241758241758,3.197802197802198
