variable_name,N,mean,sd,min,max,alpha
AI_USE_SCORE,246,2.4642276422764224,1.0573459327187424,1.0,5.0,0.8884935563131746
CREATIVITY_GENERAL,246,3.765582655826559,0.8355310878770837,1.0,5.0,0.6888852504905238
AUTHORSHIP_SCORE,246,2.8485772357723578,1.000860858099463,1.0,5.0,0.7375107101830505
