,AI_USE_SCORE,CREATIVITY_GENERAL,AUTHORSHIP_SCORE,writing_ability_num,artificial_intelligence_instruction_num,overall_policy_num
AI_USE_SCORE,1.0,-0.31069656620154007,0.4380753396719286,-0.10206612202363592,0.08011107123104068,0.2677187600084192
CREATIVITY_GENERAL,-0.31069656620154007,1.0,-0.20771006832183025,0.41645994851808443,0.059900110835349706,-0.06813838664016197
AUTHORSHIP_SCORE,0.4380753396719286,-0.20771006832183025,1.0,-0.06693158463361987,0.021380733109136022,0.13121854710697958
writing_ability_num,-0.10206612202363592,0.41645994851808443,-0.06693158463361987,1.0,0.03756443464569523,0.027280516732352027
artificial_intelligence_instruction_num,0.08011107123104068,0.059900110835349706,0.021380733109136022,0.03756443464569523,1.0,0.16324184150299403
overall_policy_num,0.2677187600084192,-0.06813838664016197,0.13121854710697958,0.027280516732352027,0.16324184150299403,1.0
